,F1,AUC,Mean Minority Recall
"('wine', 'Logistic Regression', 'No Sampling')",0.9802171513946117,0.7613789576330292,0.015384615384615385
"('wine', 'Logistic Regression', 'SMOTE')",0.8540440189825894,0.7701115930757625,0.6705128205128205
"('wine', 'Logistic Regression', 'ADASYN')",0.8560365869011829,0.7700837707352365,0.6705128205128205
"('wine', 'Logistic Regression', 'Undersampling')",0.8121224970664758,0.7662723134628673,0.7320512820512821
"('wine', 'Logistic Regression', 'Oversampling')",0.8487706197924162,0.7747050181089269,0.7038461538461538
"('wine', 'Logistic Regression', 'Gamma')",0.7955218021643908,0.7566834766753334,0.75
"('wine', 'Random Forest', 'No Sampling')",0.9788983584209076,0.8189950725170595,0.03205128205128205
"('wine', 'Random Forest', 'SMOTE')",0.9674058535773862,0.788942612761831,0.18974358974358976
"('wine', 'Random Forest', 'ADASYN')",0.9674244020951994,0.7857120078618449,0.18846153846153849
"('wine', 'Random Forest', 'Undersampling')",0.8418177917931391,0.7805409031793398,0.6679487179487179
"('wine', 'Random Forest', 'Oversampling')",0.9776050167772095,0.7974773665530994,0.015384615384615385
"('wine', 'Random Forest', 'Gamma')",0.9729112052564787,0.7398376731845786,0.09487179487179487
"('wine', 'SVM', 'No Sampling')",0.9799042867467882,0.6312050056349731,0.0
"('wine', 'SVM', 'SMOTE')",0.8546947664033977,0.7677817567882714,0.6538461538461539
"('wine', 'SVM', 'ADASYN')",0.8485937251488977,0.7668809610584855,0.6705128205128206
"('wine', 'SVM', 'Undersampling')",0.827675033152769,0.7677614594959872,0.7153846153846154
"('wine', 'SVM', 'Oversampling')",0.8449766817900489,0.7731816364959687,0.6858974358974359
"('wine', 'SVM', 'Gamma')",0.7792599711039501,0.7441481021692748,0.7166666666666667
"('wine', 'KNN', 'No Sampling')",0.9788440136477489,0.6040099083869441,0.09358974358974359
"('wine', 'KNN', 'SMOTE')",0.9302586056398411,0.6376179737743255,0.41410256410256413
"('wine', 'KNN', 'ADASYN')",0.9288421371123137,0.6531967760795123,0.39871794871794874
"('wine', 'KNN', 'Undersampling')",0.8321196312785707,0.6768883328940333,0.5884615384615385
"('wine', 'KNN', 'Oversampling')",0.960309700257139,0.6019793114052071,0.2217948717948718
"('wine', 'KNN', 'Gamma')",0.9076297591575081,0.5488123711250747,0.2230769230769231
"('abalone', 'Logistic Regression', 'No Sampling')",0.0,0.8103800640599343,0.0
"('abalone', 'Logistic Regression', 'SMOTE')",0.3580084299229,0.8267329907157235,0.8645569620253164
"('abalone', 'Logistic Regression', 'ADASYN')",0.35262597454099626,0.8253794092194842,0.8722168127231418
"('abalone', 'Logistic Regression', 'Undersampling')",0.35584099424529353,0.81051725270721,0.8085037325543654
"('abalone', 'Logistic Regression', 'Oversampling')",0.3556522639837463,0.8242572508577576,0.8569620253164556
"('abalone', 'Logistic Regression', 'Gamma')",0.3566313734062344,0.8254056310065693,0.8594936708860759
"('abalone', 'Random Forest', 'No Sampling')",0.16269770550774396,0.8383048535631122,0.10736773774748458
"('abalone', 'Random Forest', 'SMOTE')",0.3561542677466621,0.8436950975923935,0.41960402466731583
"('abalone', 'Random Forest', 'ADASYN')",0.3561763388272638,0.8397677341746507,0.41707237909769557
"('abalone', 'Random Forest', 'Undersampling')",0.38848260637678045,0.8548606316264415,0.8133398247322298
"('abalone', 'Random Forest', 'Oversampling')",0.26556050701514267,0.840065174473702,0.23018500486854915
"('abalone', 'Random Forest', 'Gamma')",0.34394152780610665,0.844310538842322,0.38373904576436224
"('abalone', 'SVM', 'No Sampling')",0.0,0.6354397897637758,0.0
"('abalone', 'SVM', 'SMOTE')",0.3491887837716604,0.8379964783748634,0.9054527750730281
"('abalone', 'SVM', 'ADASYN')",0.3367417759927889,0.8386918559316439,0.9156442713404738
"('abalone', 'SVM', 'Undersampling')",0.3396517447747668,0.8116412184147774,0.8264524505030832
"('abalone', 'SVM', 'Oversampling')",0.3490362820251363,0.8326089359746526,0.897825381369685
"('abalone', 'SVM', 'Gamma')",0.3460406448961963,0.8356499616516532,0.9003570269393053
"('abalone', 'KNN', 'No Sampling')",0.2520797364735586,0.7139089448542458,0.20960727036676405
"('abalone', 'KNN', 'SMOTE')",0.35726872603904536,0.7578849382796882,0.6213242453748783
"('abalone', 'KNN', 'ADASYN')",0.3526031608136546,0.7501469595824469,0.6316455696202532
"('abalone', 'KNN', 'Undersampling')",0.37346606161115825,0.8139038790593396,0.8004543979227524
"('abalone', 'KNN', 'Oversampling')",0.3393198971937187,0.7101243003007248,0.47552742616033755
"('abalone', 'KNN', 'Gamma')",0.3512854776835523,0.7552173950039057,0.5777994157740993
"('abalone_19', 'Logistic Regression', 'No Sampling')",0.0,0.6624159917284164,0.0
"('abalone_19', 'Logistic Regression', 'SMOTE')",0.046582151028858994,0.8117008443908323,0.7238095238095238
"('abalone_19', 'Logistic Regression', 'ADASYN')",0.046548770982770306,0.8129760468723074,0.7238095238095238
"('abalone_19', 'Logistic Regression', 'Undersampling')",0.021821488638094143,0.706875753920386,0.7523809523809525
"('abalone_19', 'Logistic Regression', 'Oversampling')",0.047728022029229246,0.8071974266184156,0.7571428571428571
"('abalone_19', 'Logistic Regression', 'Gamma')",0.04421245338637818,0.8114538457119881,0.7238095238095238
"('abalone_19', 'Random Forest', 'No Sampling')",0.0,0.656453558504222,0.0
"('abalone_19', 'Random Forest', 'SMOTE')",0.05443223443223444,0.758604744672296,0.09523809523809523
"('abalone_19', 'Random Forest', 'ADASYN')",0.04962406015037594,0.780662301108622,0.09523809523809523
"('abalone_19', 'Random Forest', 'Undersampling')",0.0335101411582547,0.7832385547705211,0.7476190476190475
"('abalone_19', 'Random Forest', 'Oversampling')",0.05,0.6362944454018037,0.03333333333333333
"('abalone_19', 'Random Forest', 'Gamma')",0.03333333333333333,0.7460365328278475,0.03333333333333333
"('abalone_19', 'SVM', 'No Sampling')",0.0,0.5234591303348843,0.0
"('abalone_19', 'SVM', 'SMOTE')",0.04428016876374299,0.8119133781377448,0.7238095238095238
"('abalone_19', 'SVM', 'ADASYN')",0.04403703267104135,0.8132115572405076,0.7238095238095238
"('abalone_19', 'SVM', 'Undersampling')",0.024376345982394843,0.7140013785972773,0.8476190476190476
"('abalone_19', 'SVM', 'Oversampling')",0.04352705926476418,0.8033718191739905,0.7523809523809524
"('abalone_19', 'SVM', 'Gamma')",0.047170832790939754,0.8151530817393302,0.8142857142857143
"('abalone_19', 'KNN', 'No Sampling')",0.0,0.4886610373944511,0.0
"('abalone_19', 'KNN', 'SMOTE')",0.04149960152411133,0.617060141306221,0.2571428571428572
"('abalone_19', 'KNN', 'ADASYN')",0.042030755314337406,0.6161554368430122,0.2571428571428572
"('abalone_19', 'KNN', 'Undersampling')",0.0245613660080313,0.7019731173530933,0.6904761904761905
"('abalone_19', 'KNN', 'Oversampling')",0.0,0.4886610373944511,0.0
"('abalone_19', 'KNN', 'Gamma')",0.011764705882352941,0.49193520592796824,0.02857142857142857
"('car_eval_4', 'Logistic Regression', 'No Sampling')",0.7997626324857446,0.9982425892064446,0.7076923076923076
"('car_eval_4', 'Logistic Regression', 'SMOTE')",0.8014532019704432,0.9982887892526447,1.0
"('car_eval_4', 'Logistic Regression', 'ADASYN')",0.8014532019704432,0.997965110615713,1.0
"('car_eval_4', 'Logistic Regression', 'Undersampling')",0.43173896003265605,0.9961612214624262,1.0
"('car_eval_4', 'Logistic Regression', 'Oversampling')",0.8014532019704432,0.9984735894374449,1.0
"('car_eval_4', 'Logistic Regression', 'Gamma')",0.6135087719298246,0.9908901023358855,1.0
"('car_eval_4', 'Random Forest', 'No Sampling')",0.8796363636363637,0.9996532213399683,0.8000000000000002
"('car_eval_4', 'Random Forest', 'SMOTE')",0.9375661375661375,0.9998844998844998,0.923076923076923
"('car_eval_4', 'Random Forest', 'ADASYN')",0.9510982286634458,0.9996995605429341,0.9384615384615385
"('car_eval_4', 'Random Forest', 'Undersampling')",0.6366229526037982,0.9984731023887651,1.0
"('car_eval_4', 'Random Forest', 'Oversampling')",0.9555148555148556,0.9999075999075998,0.9846153846153847
"('car_eval_4', 'Random Forest', 'Gamma')",0.9544159544159545,0.9996302604736339,0.9692307692307693
"('car_eval_4', 'SVM', 'No Sampling')",0.7986306120247214,0.9971322573732213,0.8153846153846154
"('car_eval_4', 'SVM', 'SMOTE')",0.8182635467980296,0.9972691876306333,1.0
"('car_eval_4', 'SVM', 'ADASYN')",0.8182635467980296,0.9973155268335991,1.0
"('car_eval_4', 'SVM', 'Undersampling')",0.6953864045420899,0.9961129340647414,1.0
"('car_eval_4', 'SVM', 'Oversampling')",0.8182635467980296,0.997131144119096,1.0
"('car_eval_4', 'SVM', 'Gamma')",0.6271233639654692,0.9870017839897358,1.0
"('car_eval_4', 'KNN', 'No Sampling')",0.16,0.7923076923076924,0.09230769230769231
"('car_eval_4', 'KNN', 'SMOTE')",0.5010927993839045,0.9553015248798381,0.9846153846153847
"('car_eval_4', 'KNN', 'ADASYN')",0.5024911364965273,0.9570598401923702,0.9846153846153847
"('car_eval_4', 'KNN', 'Undersampling')",0.4003798100949525,0.9697379260632273,0.9846153846153847
"('car_eval_4', 'KNN', 'Oversampling')",0.16,0.7923076923076924,0.09230769230769231
"('car_eval_4', 'KNN', 'Gamma')",0.6498897945669825,0.9594769236335502,0.8461538461538461
"('car_eval_34', 'Logistic Regression', 'No Sampling')",0.8548581560283688,0.9978732433297605,0.7769230769230769
"('car_eval_34', 'Logistic Regression', 'SMOTE')",0.8351550868486353,0.9980392146950378,1.0
"('car_eval_34', 'Logistic Regression', 'ADASYN')",0.8274658674658675,0.9979436525305101,1.0
"('car_eval_34', 'Logistic Regression', 'Undersampling')",0.6382648116355082,0.9966216727439889,1.0
"('car_eval_34', 'Logistic Regression', 'Oversampling')",0.8274658674658675,0.997966873243386,1.0
"('car_eval_34', 'Logistic Regression', 'Gamma')",0.6001319350783416,0.9838052322545925,1.0
"('car_eval_34', 'Random Forest', 'No Sampling')",0.87953372118078,0.9981841250871829,0.8433048433048433
"('car_eval_34', 'Random Forest', 'SMOTE')",0.9099876364027306,0.9978450178623677,0.9034188034188034
"('car_eval_34', 'Random Forest', 'ADASYN')",0.9114673935428653,0.9978126021066815,0.9182336182336183
"('car_eval_34', 'Random Forest', 'Undersampling')",0.7378123097559717,0.9965153090722382,1.0
"('car_eval_34', 'Random Forest', 'Oversampling')",0.91407213476179,0.9981265563677187,0.9404558404558404
"('car_eval_34', 'Random Forest', 'Gamma')",0.8855966763196278,0.9972870382868214,0.8883190883190885
"('car_eval_34', 'SVM', 'No Sampling')",0.870574371555971,0.9968004789735435,0.8509971509971509
"('car_eval_34', 'SVM', 'SMOTE')",0.9125422014873571,0.9966682433609348,1.0
"('car_eval_34', 'SVM', 'ADASYN')",0.9125422014873571,0.9973161652840682,1.0
"('car_eval_34', 'SVM', 'Undersampling')",0.6783088418430885,0.9960160019583139,1.0
"('car_eval_34', 'SVM', 'Oversampling')",0.9125422014873571,0.9960596741989065,1.0
"('car_eval_34', 'SVM', 'Gamma')",0.5939795824535663,0.9819497265387529,1.0
"('car_eval_34', 'KNN', 'No Sampling')",0.09668673599708083,0.7461600978842358,0.05213675213675213
"('car_eval_34', 'KNN', 'SMOTE')",0.527441666987082,0.9096596480461152,0.8883190883190885
"('car_eval_34', 'KNN', 'ADASYN')",0.545846258928226,0.9239680558483421,0.872934472934473
"('car_eval_34', 'KNN', 'Undersampling')",0.5369271065127295,0.9493355556465511,0.9256410256410257
"('car_eval_34', 'KNN', 'Oversampling')",0.09668673599708083,0.7461600978842358,0.05213675213675213
"('car_eval_34', 'KNN', 'Gamma')",0.6062381795964663,0.9235230034189046,0.813105413105413
"('ecoli', 'Logistic Regression', 'No Sampling')",0.0,0.9443559718969554,0.0
"('ecoli', 'Logistic Regression', 'SMOTE')",0.578025641025641,0.9443559718969556,0.8857142857142858
"('ecoli', 'Logistic Regression', 'ADASYN')",0.5215071897249756,0.939617486338798,0.8857142857142858
"('ecoli', 'Logistic Regression', 'Undersampling')",0.46358974358974364,0.9248946135831382,0.9428571428571428
"('ecoli', 'Logistic Regression', 'Oversampling')",0.5631111111111111,0.9396096799375488,0.8857142857142858
"('ecoli', 'Logistic Regression', 'Gamma')",0.5773393665158371,0.9443715846994534,0.8857142857142858
"('ecoli', 'Random Forest', 'No Sampling')",0.5528205128205129,0.9288446526151443,0.5142857142857142
"('ecoli', 'Random Forest', 'SMOTE')",0.6254901960784314,0.9303629976580796,0.6857142857142857
"('ecoli', 'Random Forest', 'ADASYN')",0.6120915032679738,0.9275761124121779,0.6857142857142857
"('ecoli', 'Random Forest', 'Undersampling')",0.5347647714604237,0.9344808743169398,0.9714285714285713
"('ecoli', 'Random Forest', 'Oversampling')",0.5322344322344323,0.9248048399687743,0.5142857142857142
"('ecoli', 'Random Forest', 'Gamma')",0.5991880341880342,0.9278337236533958,0.6285714285714284
"('ecoli', 'SVM', 'No Sampling')",0.0,0.9467369242779078,0.0
"('ecoli', 'SVM', 'SMOTE')",0.57661392042197,0.9414910226385637,0.8857142857142858
"('ecoli', 'SVM', 'ADASYN')",0.49603385120626503,0.9258235753317721,0.8857142857142858
"('ecoli', 'SVM', 'Undersampling')",0.48200000000000004,0.9243871975019516,0.9428571428571428
"('ecoli', 'SVM', 'Oversampling')",0.5410256410256411,0.9319750195160031,0.8857142857142858
"('ecoli', 'SVM', 'Gamma')",0.5636633855169324,0.9410304449648713,0.9142857142857143
"('ecoli', 'KNN', 'No Sampling')",0.5905011655011655,0.8761241217798595,0.5714285714285714
"('ecoli', 'KNN', 'SMOTE')",0.5717799847211611,0.8664207650273223,0.7142857142857142
"('ecoli', 'KNN', 'ADASYN')",0.5654551398258493,0.8628415300546448,0.7428571428571429
"('ecoli', 'KNN', 'Undersampling')",0.5556923076923077,0.9258665105386419,0.9714285714285713
"('ecoli', 'KNN', 'Oversampling')",0.573821967506178,0.8657025761124121,0.6857142857142857
"('ecoli', 'KNN', 'Gamma')",0.5428215994531784,0.8725917252146761,0.7428571428571429
"('letter_img', 'Logistic Regression', 'No Sampling')",0.6266069279573072,0.9844657637847478,0.49049482806821365
"('letter_img', 'Logistic Regression', 'SMOTE')",0.5491849068328276,0.9877444834459332,0.9645512999720436
"('letter_img', 'Logistic Regression', 'ADASYN')",0.4617977895648405,0.982909435699028,0.9536576274345354
"('letter_img', 'Logistic Regression', 'Undersampling')",0.4749500293837231,0.9850406014340489,0.9740844282918648
"('letter_img', 'Logistic Regression', 'Oversampling')",0.537874880317127,0.9877949204402782,0.9659118441897308
"('letter_img', 'Logistic Regression', 'Gamma')",0.5438290409314667,0.9876488888882736,0.9659118441897308
"('letter_img', 'Random Forest', 'No Sampling')",0.9580971606634847,0.9998648075094195,0.9250396048830491
"('letter_img', 'Random Forest', 'SMOTE')",0.9641584688580858,0.9998846271984011,0.9386916410399776
"('letter_img', 'Random Forest', 'ADASYN')",0.9597093771755196,0.9998604238397897,0.9318702823595191
"('letter_img', 'Random Forest', 'Undersampling')",0.7810583151113575,0.9988208581380308,0.986357282639083
"('letter_img', 'Random Forest', 'Oversampling')",0.9605303495861053,0.9998597408771974,0.9332121889851832
"('letter_img', 'Random Forest', 'Gamma')",0.9612080253110102,0.9998670980909667,0.9332308265772061
"('letter_img', 'SVM', 'No Sampling')",0.7468215724612666,0.9817810718206997,0.6266890317770943
"('letter_img', 'SVM', 'SMOTE')",0.5583287502797779,0.98690633042195,0.9672723884074177
"('letter_img', 'SVM', 'ADASYN')",0.45493164743955994,0.9819694349322778,0.9549995340601993
"('letter_img', 'SVM', 'Undersampling')",0.49649037572267457,0.985890804988316,0.9754542913055634
"('letter_img', 'SVM', 'Oversampling')",0.547488825490227,0.9869154878507302,0.9672723884074177
"('letter_img', 'SVM', 'Gamma')",0.5517851428365855,0.9869982300278431,0.9672723884074177
"('letter_img', 'KNN', 'No Sampling')",0.9781423034083104,0.9977954460286214,0.9782126549249837
"('letter_img', 'KNN', 'SMOTE')",0.9624354937936526,0.9980508568909358,0.9945578231292517
"('letter_img', 'KNN', 'ADASYN')",0.9643776722487776,0.9981057519975305,0.9959183673469386
"('letter_img', 'KNN', 'Undersampling')",0.5235992264547928,0.9859519944147367,0.9959183673469388
"('letter_img', 'KNN', 'Oversampling')",0.9718383215430195,0.9974925576369928,0.9877457832448048
"('letter_img', 'KNN', 'Gamma')",0.9537000250433577,0.9972355258108496,0.9931972789115646
"('optical_digits', 'Logistic Regression', 'No Sampling')",0.8269293724447453,0.9834858703641451,0.7636199836199836
"('optical_digits', 'Logistic Regression', 'SMOTE')",0.7888925530982313,0.9836898781450379,0.9152170352170351
"('optical_digits', 'Logistic Regression', 'ADASYN')",0.7174334407864604,0.9783748560390674,0.9224570024570025
"('optical_digits', 'Logistic Regression', 'Undersampling')",0.7423771233016329,0.981069100161666,0.9386404586404586
"('optical_digits', 'Logistic Regression', 'Oversampling')",0.765787035507427,0.9831962768852435,0.9368550368550368
"('optical_digits', 'Logistic Regression', 'Gamma')",0.7801677227076229,0.9833363536431345,0.917018837018837
"('optical_digits', 'Random Forest', 'No Sampling')",0.8840432531221444,0.9989274280894753,0.7924651924651925
"('optical_digits', 'Random Forest', 'SMOTE')",0.9294866874208356,0.9993191982557159,0.8736936936936937
"('optical_digits', 'Random Forest', 'ADASYN')",0.9081754323939399,0.9988691890305528,0.8412285012285012
"('optical_digits', 'Random Forest', 'Undersampling')",0.8992595431419508,0.9975469860081446,0.963947583947584
"('optical_digits', 'Random Forest', 'Oversampling')",0.9252575282498811,0.9991695948253014,0.8646683046683048
"('optical_digits', 'Random Forest', 'Gamma')",0.926624462451675,0.9993481179110308,0.8647338247338248
"('optical_digits', 'SVM', 'No Sampling')",0.8422260434052449,0.9816542952559354,0.7852907452907452
"('optical_digits', 'SVM', 'SMOTE')",0.7920244419191503,0.9831536962769402,0.918837018837019
"('optical_digits', 'SVM', 'ADASYN')",0.7190852411438172,0.9765751860208539,0.9170352170352171
"('optical_digits', 'SVM', 'Undersampling')",0.7366721584907241,0.9805605926822419,0.9441113841113842
"('optical_digits', 'SVM', 'Oversampling')",0.7713448547494253,0.9820894201720385,0.9422932022932023
"('optical_digits', 'SVM', 'Gamma')",0.7857504774279974,0.9821102027298398,0.9278624078624078
"('optical_digits', 'KNN', 'No Sampling')",0.9788085377508761,0.992476920719384,0.9638329238329237
"('optical_digits', 'KNN', 'SMOTE')",0.9802765994694246,0.9968157823955531,0.9873382473382473
"('optical_digits', 'KNN', 'ADASYN')",0.9776093614006882,0.9963781484800543,0.9855036855036856
"('optical_digits', 'KNN', 'Undersampling')",0.9180700150615207,0.9958383206788552,0.9927764127764128
"('optical_digits', 'KNN', 'Oversampling')",0.9827553973292076,0.9924114661463739,0.9800982800982802
"('optical_digits', 'KNN', 'Gamma')",0.9624403417605386,0.995264852594946,0.9873382473382473
"('pen_digits', 'Logistic Regression', 'No Sampling')",0.7522922004748132,0.9712101002439741,0.6644549763033174
"('pen_digits', 'Logistic Regression', 'SMOTE')",0.722238651602993,0.9769958821807453,0.9279620853080569
"('pen_digits', 'Logistic Regression', 'ADASYN')",0.5554094058997338,0.9463057404766291,0.9412322274881516
"('pen_digits', 'Logistic Regression', 'Undersampling')",0.6381168845643007,0.9660312288872397,0.9184834123222748
"('pen_digits', 'Logistic Regression', 'Oversampling')",0.7134515197123421,0.9768804141871577,0.9308056872037914
"('pen_digits', 'Logistic Regression', 'Gamma')",0.7192061502149654,0.976767454223381,0.9270142180094787
"('pen_digits', 'Random Forest', 'No Sampling')",0.9801891545147591,0.9998745464388138,0.9630331753554502
"('pen_digits', 'Random Forest', 'SMOTE')",0.9870521348975926,0.9998838476492541,0.9781990521327014
"('pen_digits', 'Random Forest', 'ADASYN')",0.983199263415775,0.9998599977302953,0.971563981042654
"('pen_digits', 'Random Forest', 'Undersampling')",0.9811819909984638,0.9997994234833243,0.9876777251184834
"('pen_digits', 'Random Forest', 'Oversampling')",0.986581795583788,0.9998859945438883,0.9772511848341232
"('pen_digits', 'Random Forest', 'Gamma')",0.9870499299649996,0.9998802714511787,0.9772511848341232
"('pen_digits', 'SVM', 'No Sampling')",0.7900685925489458,0.9677830126034641,0.7071090047393365
"('pen_digits', 'SVM', 'SMOTE')",0.7257597683403684,0.9769071413096606,0.9317535545023696
"('pen_digits', 'SVM', 'ADASYN')",0.5365432887945203,0.9425509223034872,0.9440758293838863
"('pen_digits', 'SVM', 'Undersampling')",0.6837973101767763,0.9733127151462814,0.9336492890995262
"('pen_digits', 'SVM', 'Oversampling')",0.7221882345957616,0.9769933931075319,0.9402843601895736
"('pen_digits', 'SVM', 'Gamma')",0.7259469141652083,0.9769603292024763,0.9364928909952607
"('pen_digits', 'KNN', 'No Sampling')",0.9928807993337637,0.9974185810426377,0.9914691943127962
"('pen_digits', 'KNN', 'SMOTE')",0.992916696110085,0.998694195310897,0.996208530805687
"('pen_digits', 'KNN', 'ADASYN')",0.9933872685278189,0.9986927644477358,0.996208530805687
"('pen_digits', 'KNN', 'Undersampling')",0.9463116213637427,0.9982210767952922,0.9971563981042653
"('pen_digits', 'KNN', 'Oversampling')",0.9924416683631373,0.9972728715173809,0.9952606635071091
"('pen_digits', 'KNN', 'Gamma')",0.9891719840694659,0.9972683402907323,0.9952606635071091
"('satimage', 'Logistic Regression', 'No Sampling')",0.0,0.7555709768733273,0.0
"('satimage', 'Logistic Regression', 'SMOTE')",0.29494193240517624,0.7603601056784457,0.8561396825396825
"('satimage', 'Logistic Regression', 'ADASYN')",0.29962937133220097,0.7514834342167489,0.8737142857142857
"('satimage', 'Logistic Regression', 'Undersampling')",0.29207108411740335,0.7462935115219913,0.8944507936507936
"('satimage', 'Logistic Regression', 'Oversampling')",0.2941171775998265,0.7599554523083928,0.8593523809523809
"('satimage', 'Logistic Regression', 'Gamma')",0.2961262212665173,0.7586610541588034,0.862526984126984
"('satimage', 'Random Forest', 'No Sampling')",0.6364666421749647,0.960043223466031,0.5126603174603175
"('satimage', 'Random Forest', 'SMOTE')",0.6860362564091007,0.9631642026866336,0.6852825396825397
"('satimage', 'Random Forest', 'ADASYN')",0.687221082774429,0.9642965329016324,0.699631746031746
"('satimage', 'Random Forest', 'Undersampling')",0.5637288568294266,0.950791041941442,0.8912761904761904
"('satimage', 'Random Forest', 'Oversampling')",0.6877420124204469,0.9636017544111066,0.6261206349206349
"('satimage', 'Random Forest', 'Gamma')",0.6838205423649694,0.9601320054838937,0.685231746031746
"('satimage', 'SVM', 'No Sampling')",0.0,0.6892946261235418,0.0
"('satimage', 'SVM', 'SMOTE')",0.2945703159099807,0.7599153376559435,0.9408253968253968
"('satimage', 'SVM', 'ADASYN')",0.29020156243178286,0.7489321933976834,0.9456253968253968
"('satimage', 'SVM', 'Undersampling')",0.2869794627835801,0.7507967058422773,0.9536253968253968
"('satimage', 'SVM', 'Oversampling')",0.2935289606825556,0.7592186138096538,0.9520253968253968
"('satimage', 'SVM', 'Gamma')",0.2911322639164596,0.7602413498298185,0.9360253968253968
"('satimage', 'KNN', 'No Sampling')",0.6926079251259656,0.918267029053007,0.6917460317460317
"('satimage', 'KNN', 'SMOTE')",0.6206073874613296,0.9359996560624188,0.916952380952381
"('satimage', 'KNN', 'ADASYN')",0.6123814837934382,0.9356660864202471,0.9425015873015873
"('satimage', 'KNN', 'Undersampling')",0.5300070818940538,0.927848425917278,0.9264507936507936
"('satimage', 'KNN', 'Oversampling')",0.6699954192332902,0.9127182067015447,0.8370793650793651
"('satimage', 'KNN', 'Gamma')",0.5821651186683235,0.9233873814770176,0.9009015873015873
"('sick_euthyroid', 'Logistic Regression', 'No Sampling')",0.17924900384953063,0.922935626617684,0.10239625949736997
"('sick_euthyroid', 'Logistic Regression', 'SMOTE')",0.5520952528750411,0.941892896344009,0.9181180596142606
"('sick_euthyroid', 'Logistic Regression', 'ADASYN')",0.538772529682784,0.944084698924972,0.9180596142606664
"('sick_euthyroid', 'Logistic Regression', 'Undersampling')",0.4124590060214944,0.9088144553483609,0.9045587375803624
"('sick_euthyroid', 'Logistic Regression', 'Oversampling')",0.5431734743501802,0.9446964405354166,0.9248977206312098
"('sick_euthyroid', 'Logistic Regression', 'Gamma')",0.3981379592836675,0.9067303795689707,0.9080654587960257
"('sick_euthyroid', 'Random Forest', 'No Sampling')",0.864430042988578,0.9843876067340451,0.8364699006428988
"('sick_euthyroid', 'Random Forest', 'SMOTE')",0.8633251338670558,0.9832744467546537,0.8704266510812391
"('sick_euthyroid', 'Random Forest', 'ADASYN')",0.8579484890261794,0.9855767762194614,0.8636469900642899
"('sick_euthyroid', 'Random Forest', 'Undersampling')",0.7990817625211303,0.9833719914388757,0.9248977206312098
"('sick_euthyroid', 'Random Forest', 'Oversampling')",0.8732459160440463,0.9850411459362152,0.8773232028053769
"('sick_euthyroid', 'Random Forest', 'Gamma')",0.8048523617762321,0.9748679888485452,0.8126241963763882
"('sick_euthyroid', 'SVM', 'No Sampling')",0.07486978774650008,0.9467587774942624,0.044301578024547046
"('sick_euthyroid', 'SVM', 'SMOTE')",0.5999581633185979,0.9524267040282492,0.9248392752776156
"('sick_euthyroid', 'SVM', 'ADASYN')",0.5839296159675128,0.952039070820699,0.9282291057860901
"('sick_euthyroid', 'SVM', 'Undersampling')",0.4584492784456894,0.9387417346662404,0.935125657510228
"('sick_euthyroid', 'SVM', 'Oversampling')",0.5784988291950259,0.9528130135605439,0.9282291057860901
"('sick_euthyroid', 'SVM', 'Gamma')",0.4285174552666377,0.9270308742162315,0.9182349503214494
"('sick_euthyroid', 'KNN', 'No Sampling')",0.5472907983135776,0.8564887579242327,0.46797194623027466
"('sick_euthyroid', 'KNN', 'SMOTE')",0.5645616720456655,0.8637059954343386,0.6661016949152542
"('sick_euthyroid', 'KNN', 'ADASYN')",0.5601373783976338,0.8616638190678476,0.6489187609585038
"('sick_euthyroid', 'KNN', 'Undersampling')",0.42369018246977896,0.8819977619706062,0.853302162478083
"('sick_euthyroid', 'KNN', 'Oversampling')",0.581388303703511,0.8563034942990324,0.6932203389830509
"('sick_euthyroid', 'KNN', 'Gamma')",0.47691653213050583,0.8283318433501611,0.5908825248392754
"('solar_flare_m0', 'Logistic Regression', 'No Sampling')",0.06666666666666667,0.7927876918678806,0.04395604395604395
"('solar_flare_m0', 'Logistic Regression', 'SMOTE')",0.17357850055105054,0.7703889192568438,0.5472527472527473
"('solar_flare_m0', 'Logistic Regression', 'ADASYN')",0.1840430088819826,0.76961066449274,0.5901098901098901
"('solar_flare_m0', 'Logistic Regression', 'Undersampling')",0.1825262976669551,0.7668521023002155,0.6615384615384615
"('solar_flare_m0', 'Logistic Regression', 'Oversampling')",0.17929229042307215,0.7597532420409779,0.5604395604395604
"('solar_flare_m0', 'Logistic Regression', 'Gamma')",0.17640316425393665,0.7735309109129864,0.5604395604395604
"('solar_flare_m0', 'Random Forest', 'No Sampling')",0.08186274509803922,0.7712789019156945,0.058241758241758236
"('solar_flare_m0', 'Random Forest', 'SMOTE')",0.13665851057155404,0.7663180058934775,0.1318681318681319
"('solar_flare_m0', 'Random Forest', 'ADASYN')",0.12077972709551657,0.7580188208018396,0.1318681318681319
"('solar_flare_m0', 'Random Forest', 'Undersampling')",0.19536876858108734,0.775882183853882,0.7505494505494505
"('solar_flare_m0', 'Random Forest', 'Oversampling')",0.20973467035473564,0.7545531669588275,0.36483516483516487
"('solar_flare_m0', 'Random Forest', 'Gamma')",0.2179351259348968,0.7418796690730652,0.38021978021978026
"('solar_flare_m0', 'SVM', 'No Sampling')",0.0,0.5678426683379514,0.0
"('solar_flare_m0', 'SVM', 'SMOTE')",0.16777088417606936,0.7496567190670965,0.5758241758241758
"('solar_flare_m0', 'SVM', 'ADASYN')",0.17650139864043374,0.7488240140362781,0.6197802197802198
"('solar_flare_m0', 'SVM', 'Undersampling')",0.18605917575717199,0.7459314820399726,0.6615384615384615
"('solar_flare_m0', 'SVM', 'Oversampling')",0.17141162074507485,0.743435785912201,0.5582417582417583
"('solar_flare_m0', 'SVM', 'Gamma')",0.14849272714496523,0.7575637805590636,0.5758241758241758
"('solar_flare_m0', 'KNN', 'No Sampling')",0.12644927536231884,0.6288512666578705,0.0879120879120879
"('solar_flare_m0', 'KNN', 'SMOTE')",0.21792052781526464,0.67091945790059,0.4010989010989011
"('solar_flare_m0', 'KNN', 'ADASYN')",0.20466187688199072,0.6627221442079934,0.3857142857142857
"('solar_flare_m0', 'KNN', 'Undersampling')",0.19002565819386916,0.7284240130938244,0.4714285714285714
"('solar_flare_m0', 'KNN', 'Oversampling')",0.17335338345864662,0.630087420441194,0.14725274725274723
"('solar_flare_m0', 'KNN', 'Gamma')",0.1829858607281725,0.6356277370428314,0.2054945054945055
"('thyroid_sick', 'Logistic Regression', 'No Sampling')",0.15370475234118805,0.920227933334352,0.08658649398704903
"('thyroid_sick', 'Logistic Regression', 'SMOTE')",0.45078096505211407,0.9380822596272346,0.8830712303422755
"('thyroid_sick', 'Logistic Regression', 'ADASYN')",0.4490678580176697,0.9393131850608398,0.8787234042553191
"('thyroid_sick', 'Logistic Regression', 'Undersampling')",0.3269368711682044,0.9015646281813833,0.852913968547641
"('thyroid_sick', 'Logistic Regression', 'Oversampling')",0.4459149648120227,0.9423874569871267,0.8786308973172987
"('thyroid_sick', 'Logistic Regression', 'Gamma')",0.3276646527269914,0.9199294629529702,0.9222016651248843
"('thyroid_sick', 'Random Forest', 'No Sampling')",0.8379817918939129,0.9941759070403939,0.7664199814986123
"('thyroid_sick', 'Random Forest', 'SMOTE')",0.8683003937582585,0.9959645889267676,0.8399629972247918
"('thyroid_sick', 'Random Forest', 'ADASYN')",0.8747352645011235,0.9953367522561324,0.8444033302497687
"('thyroid_sick', 'Random Forest', 'Undersampling')",0.7102917975317713,0.9901703441110221,0.9481036077705827
"('thyroid_sick', 'Random Forest', 'Oversampling')",0.8748491845139998,0.9966594211265182,0.8443108233117483
"('thyroid_sick', 'Random Forest', 'Gamma')",0.8026791495754205,0.9864067086109886,0.7710453283996299
"('thyroid_sick', 'SVM', 'No Sampling')",0.0,0.9485819548422576,0.0
"('thyroid_sick', 'SVM', 'SMOTE')",0.48642083734096664,0.9489424438967384,0.8742830712303423
"('thyroid_sick', 'SVM', 'ADASYN')",0.4810180881160588,0.9494399827137275,0.8612395929694727
"('thyroid_sick', 'SVM', 'Undersampling')",0.34193684963117715,0.9174284579988404,0.8787234042553191
"('thyroid_sick', 'SVM', 'Oversampling')",0.4831370000104533,0.9497827744065657,0.8742830712303423
"('thyroid_sick', 'SVM', 'Gamma')",0.3287184568470073,0.9216755779405839,0.9222016651248843
"('thyroid_sick', 'KNN', 'No Sampling')",0.5000502081332963,0.8215591971683661,0.3812210915818686
"('thyroid_sick', 'KNN', 'SMOTE')",0.5293354598617757,0.837876350179978,0.602127659574468
"('thyroid_sick', 'KNN', 'ADASYN')",0.5161218333487241,0.8355862627657757,0.6063829787234043
"('thyroid_sick', 'KNN', 'Undersampling')",0.4148173813144254,0.9025432717414322,0.8659574468085106
"('thyroid_sick', 'KNN', 'Oversampling')",0.5224294633463914,0.8186569020994888,0.5802035152636448
"('thyroid_sick', 'KNN', 'Gamma')",0.4271400580632288,0.8163082842895741,0.4676225716928769
"('us_crime', 'Logistic Regression', 'No Sampling')",0.49384327972370234,0.9238306625819881,0.39333333333333337
"('us_crime', 'Logistic Regression', 'SMOTE')",0.4800033252386194,0.915264718589215,0.78
"('us_crime', 'Logistic Regression', 'ADASYN')",0.45943123543123543,0.9122285063430343,0.7933333333333333
"('us_crime', 'Logistic Regression', 'Undersampling')",0.45491086571867845,0.9198620930049881,0.8733333333333334
"('us_crime', 'Logistic Regression', 'Oversampling')",0.47884780453430337,0.915084835630965,0.8
"('us_crime', 'Logistic Regression', 'Gamma')",0.46247383938409997,0.9175548878677192,0.82
"('us_crime', 'Random Forest', 'No Sampling')",0.4640830280830281,0.9120039472133851,0.36
"('us_crime', 'Random Forest', 'SMOTE')",0.4841226002921785,0.9163514296374847,0.49333333333333335
"('us_crime', 'Random Forest', 'ADASYN')",0.48937981970240035,0.9077594900043204,0.5266666666666666
"('us_crime', 'Random Forest', 'Undersampling')",0.4467362049714991,0.9140187443541101,0.8666666666666666
"('us_crime', 'Random Forest', 'Oversampling')",0.4583646894770682,0.9170821305133343,0.38
"('us_crime', 'Random Forest', 'Gamma')",0.5264573731107463,0.9163297297828052,0.6
"('us_crime', 'SVM', 'No Sampling')",0.5101337543099047,0.9171612957071599,0.39333333333333337
"('us_crime', 'SVM', 'SMOTE')",0.4709611274314316,0.9103988943874946,0.7666666666666666
"('us_crime', 'SVM', 'ADASYN')",0.4499389121374495,0.9037615863477475,0.78
"('us_crime', 'SVM', 'Undersampling')",0.437572939227368,0.9152804288912455,0.86
"('us_crime', 'SVM', 'Oversampling')",0.4453020634429768,0.9063322336121912,0.76
"('us_crime', 'SVM', 'Gamma')",0.45671088945614874,0.9104144083107497,0.8266666666666668
"('us_crime', 'KNN', 'No Sampling')",0.4157291543309781,0.7587770511763088,0.32666666666666666
"('us_crime', 'KNN', 'SMOTE')",0.4403190377046718,0.8346048613565845,0.7133333333333333
"('us_crime', 'KNN', 'ADASYN')",0.42970994564894277,0.8323694817564118,0.7066666666666667
"('us_crime', 'KNN', 'Undersampling')",0.4054292973068058,0.8586695092494402,0.8200000000000001
"('us_crime', 'KNN', 'Oversampling')",0.4231132723112128,0.75499936176898,0.47333333333333333
"('us_crime', 'KNN', 'Gamma')",0.4003180644956135,0.835050199324457,0.72
"('wine_quality', 'Logistic Regression', 'No Sampling')",0.020512820512820513,0.7717400857909873,0.010810810810810811
"('wine_quality', 'Logistic Regression', 'SMOTE')",0.17401366351072192,0.7741498125909579,0.6442942942942944
"('wine_quality', 'Logistic Regression', 'ADASYN')",0.17511863224637492,0.7760248583684427,0.6606606606606606
"('wine_quality', 'Logistic Regression', 'Undersampling')",0.16238703611525912,0.7604875819616012,0.627927927927928
"('wine_quality', 'Logistic Regression', 'Oversampling')",0.1679039164530301,0.7712377276534224,0.6606606606606606
"('wine_quality', 'Logistic Regression', 'Gamma')",0.16291829805983737,0.7762598759947646,0.7211711711711712
"('wine_quality', 'Random Forest', 'No Sampling')",0.26815269272768666,0.8815332034048895,0.16381381381381382
"('wine_quality', 'Random Forest', 'SMOTE')",0.4209807596852405,0.8796784589467517,0.4373873873873874
"('wine_quality', 'Random Forest', 'ADASYN')",0.4002246269039437,0.8766900251258682,0.4102102102102102
"('wine_quality', 'Random Forest', 'Undersampling')",0.22444651450602615,0.8512155315442698,0.7806306306306308
"('wine_quality', 'Random Forest', 'Oversampling')",0.3360362285468669,0.8980287816979228,0.22387387387387392
"('wine_quality', 'Random Forest', 'Gamma')",0.34750164876578105,0.8749968950923351,0.31711711711711715
"('wine_quality', 'SVM', 'No Sampling')",0.0,0.6258388823606216,0.0
"('wine_quality', 'SVM', 'SMOTE')",0.18010615321842255,0.7791972778717211,0.6442942942942943
"('wine_quality', 'SVM', 'ADASYN')",0.18440282824133183,0.7825435722042295,0.6663663663663664
"('wine_quality', 'SVM', 'Undersampling')",0.17785236130176668,0.7619976020559266,0.5731231231231231
"('wine_quality', 'SVM', 'Oversampling')",0.1824316792546316,0.7745868880545445,0.6503003003003003
"('wine_quality', 'SVM', 'Gamma')",0.17183532555049583,0.7857640779698044,0.7154654654654655
"('wine_quality', 'KNN', 'No Sampling')",0.13288258873715625,0.6871385967091163,0.08693693693693694
"('wine_quality', 'KNN', 'SMOTE')",0.24198915458436182,0.7327401367433181,0.534084084084084
"('wine_quality', 'KNN', 'ADASYN')",0.23124058026338007,0.7303378139539327,0.522972972972973
"('wine_quality', 'KNN', 'Undersampling')",0.13422902697971134,0.699506001229225,0.60015015015015
"('wine_quality', 'KNN', 'Oversampling')",0.32209271887519975,0.6905602845687682,0.38708708708708717
"('wine_quality', 'KNN', 'Gamma')",0.21031492145504882,0.7148892264480813,0.4848348348348349
"('yeast_me2', 'Logistic Regression', 'No Sampling')",0.0,0.8861892209785779,0.0
"('yeast_me2', 'Logistic Regression', 'SMOTE')",0.26286217215279006,0.881899320192003,0.7272727272727273
"('yeast_me2', 'Logistic Regression', 'ADASYN')",0.25931677018633537,0.8808034094508596,0.7654545454545455
"('yeast_me2', 'Logistic Regression', 'Undersampling')",0.25587157778488323,0.89157239656131,0.8618181818181819
"('yeast_me2', 'Logistic Regression', 'Oversampling')",0.26558480623539304,0.8814061326699909,0.7672727272727272
"('yeast_me2', 'Logistic Regression', 'Gamma')",0.2640844833269299,0.8805124365656518,0.7672727272727272
"('yeast_me2', 'Random Forest', 'No Sampling')",0.22344322344322345,0.9219742563423272,0.13636363636363638
"('yeast_me2', 'Random Forest', 'SMOTE')",0.42488888888888887,0.9327427782860156,0.4709090909090909
"('yeast_me2', 'Random Forest', 'ADASYN')",0.4600000000000001,0.9316396574600565,0.510909090909091
"('yeast_me2', 'Random Forest', 'Undersampling')",0.27379136992040215,0.9091025161091679,0.9200000000000002
"('yeast_me2', 'Random Forest', 'Oversampling')",0.3639194139194139,0.9369076599675269,0.25636363636363635
"('yeast_me2', 'Random Forest', 'Gamma')",0.39171842650103517,0.9266344963240749,0.41090909090909095
"('yeast_me2', 'SVM', 'No Sampling')",0.0,0.8026870690285325,0.0
"('yeast_me2', 'SVM', 'SMOTE')",0.27636681870225427,0.8785404396047412,0.7272727272727273
"('yeast_me2', 'SVM', 'ADASYN')",0.2796337392240119,0.8750420754411886,0.7854545454545454
"('yeast_me2', 'SVM', 'Undersampling')",0.26830315098887414,0.8856402577466879,0.8618181818181819
"('yeast_me2', 'SVM', 'Oversampling')",0.2892812625557249,0.8752972304857005,0.7872727272727272
"('yeast_me2', 'SVM', 'Gamma')",0.2980360962566845,0.8775462674797486,0.8254545454545456
"('yeast_me2', 'KNN', 'No Sampling')",0.36007893035756816,0.7791044210778135,0.2927272727272727
"('yeast_me2', 'KNN', 'SMOTE')",0.3569948522451732,0.8415711782674087,0.6854545454545454
"('yeast_me2', 'KNN', 'ADASYN')",0.3547286459845794,0.8484504519870374,0.7054545454545456
"('yeast_me2', 'KNN', 'Undersampling')",0.21720798376079845,0.8800465942040221,0.8236363636363636
"('yeast_me2', 'KNN', 'Oversampling')",0.40093851486954935,0.7795582466314173,0.5472727272727272
"('yeast_me2', 'KNN', 'Gamma')",0.3620239788660841,0.8136421117684975,0.6454545454545455
